<?xml version="1.0" encoding="utf-8"?>
<puzzle>
<resId>3013000150</resId>
<version>1</version>
<categoryID>1009</categoryID>
<name>春日3</name>
<iconPath>thumbnail</iconPath>
<width>1500</width>
<height>1500</height>
<photoAmount>3</photoAmount>
<formatAmount>1</formatAmount>
<backgroundColor/>
<backgroundImagePath/>
<backgroundTile/>
<backgroundType>0</backgroundType>
<bgBlurFilter/>
<bgFilterMaterialId/>
<backgroundVideoPath/>
<photoPuzzlePieces>
<photoPuzzle>
<maskPath/>
<blurFilter/>
<filterMaterialId/>
<filterPath/>
<backgroundImagePath/>
<backgroundImageInnerFrame/>
<AISketchPath/>
<defaultColor>#000000FF</defaultColor>
<frameRectArray>
<frameRect>{{688,909},{682,526}}</frameRect>
</frameRectArray>
</photoPuzzle>
<photoPuzzle>
<maskPath/>
<blurFilter/>
<filterMaterialId/>
<filterPath/>
<backgroundImagePath/>
<backgroundImageInnerFrame/>
<AISketchPath/>
<defaultColor>#000000FF</defaultColor>
<frameRectArray>
<frameRect>{{112,909},{533,526}}</frameRect>
</frameRectArray>
</photoPuzzle>
<photoPuzzle>
<maskPath/>
<blurFilter/>
<filterMaterialId/>
<filterPath/>
<backgroundImagePath/>
<backgroundImageInnerFrame/>
<AISketchPath/>
<defaultColor>#000000FF</defaultColor>
<frameRectArray>
<frameRect>{{112,44},{1279,847}}</frameRect>
</frameRectArray>
</photoPuzzle>
</photoPuzzlePieces>
<imagePuzzlePieces>
<imagePuzzle>
<type>0</type>
<imagePath>img.post</imagePath>
<weatherColor/>
<defaultColor/>
<dipDyeingIndex>0</dipDyeingIndex>
<frameRectArray>
<frameRect>{{0,0},{1500,1500}}</frameRect>
</frameRectArray>
</imagePuzzle>
</imagePuzzlePieces>
<textPuzzlePieces/>
<activity>
<sina/>
<expired/>
</activity>
</puzzle>
